Workbook

Sheet EXTRATO
A1: ANO | B1: MÊS | C1: Data | D1: Hora | E1: Código de Transação | F1: Usuário | G1: Tipo | H1: Descrição | I1: Valor | K1: Soma de Valor | L1: Rótulos de Coluna
A2: =YEAR(C2) -> 2025 | B2: =UPPER(TEXT(C2,"MMMM")) -> JUNHO | C2: 45820.41 | D2: 09:50:19 | E2: 0C3B570303849BC4A72F4BCFD13FA6F7 | F2: Adan Leonardo Souza Batista | G2: Carga | H2: Transf. EQS > Adan L. S. Batista | I2: 710.2 | K2: Rótulos de Linha | L2: Carga | M2: Saque | N2: Taxa | O2: Transferência | P2: Compra | Q2: Total Geral
A3: =YEAR(C3) -> 2025 | B3: =UPPER(TEXT(C3,"MMMM")) -> JUNHO | C3: 45820.636 | D3: 15:16:21 | E3: 9D43DD1009F3EFB87C0C4B2DFBD85CC4 | F3: Adan Leonardo Souza Batista | G3: Carga | H3: Transf. EQS > Adan L. S. Batista | I3: 0.01 | K3: 2026 | L3: 4424.6 | M3: -2920 | N3: -35 | O3: -443.59 | P3: -1030.24 | Q3: -4.23
A4: =YEAR(C4) -> 2025 | B4: =UPPER(TEXT(C4,"MMMM")) -> JULHO | C4: 45852.594 | D4: 14:16:01 | E4: B61070AC8A6B54085D34D05B2A108CE0 | F4: Adan Leonardo Souza Batista | G4: Compra | H4: PARAFUSOS | I4: -188 | K4: jan | L4: 1249.97 | M4: -400 | N4: -7 | P4: -261.74 | Q4: 581.23
A5: =YEAR(C5) -> 2025 | B5: =UPPER(TEXT(C5,"MMMM")) -> JULHO | C5: 45855.62 | D5: 14:52:59 | E5: 4F3603994CBF3938EE0E991CFB04A609 | F5: Adan Leonardo Souza Batista | G5: Compra | H5: CASA DAS BORRACHAS | I5: -62 | K5: fev | L5: 990.1 | O5: -443.59 | P5: -546.51 | Q5: 0
A6: =YEAR(C6) -> 2025 | B6: =UPPER(TEXT(C6,"MMMM")) -> JULHO | C6: 45860.299 | D6: 07:10:13 | E6: BA65662670CCA3F0557D36AFD7C30E4C | F6: Adan Leonardo Souza Batista | G6: Compra | H6: PAOZINHO BAIANINHO | I6: -280 | K6: mar | L6: 145.1 | Q6: 145.1
A7: =YEAR(C7) -> 2025 | B7: =UPPER(TEXT(C7,"MMMM")) -> JULHO | C7: 45863.379 | D7: 09:05:13 | E7: F1E723F50D61094AD02362A50D503F07 | F7: Adan Leonardo Souza Batista | G7: Compra | H7: GAL FERRO | I7: -61.2 | K7: abr | L7: 154.9 | Q7: 154.9
A8: =YEAR(C8) -> 2025 | B8: =UPPER(TEXT(C8,"MMMM")) -> JULHO | C8: 45863.681 | D8: 16:20:08 | E8: B731C54AF6E6CE4D9F1D8B0C57B7BBB1 | F8: Adan Leonardo Souza Batista | G8: Carga | H8: Transf. EQS > Adan L. S. Batista | I8: 519.79 | K8: mai | M8: -990 | N8: -7 | Q8: -997
A9: =YEAR(C9) -> 2025 | B9: =UPPER(TEXT(C9,"MMMM")) -> JULHO | C9: 45864.399 | D9: 09:34:18 | E9: 6BD2921B5931E50F44FD4E895A4D0A62 | F9: Adan Leonardo Souza Batista | G9: Compra | H9: SHELL PARAFUSOS | I9: -65 | K9: jun | L9: 1324.1 | M9: -1130 | N9: -14 | P9: -182 | Q9: -1.9
A10: =YEAR(C10) -> 2025 | B10: =UPPER(TEXT(C10,"MMMM")) -> JULHO | C10: 45865.494 | D10: 11:50:42 | E10: 1DA07685294457428A83016428CBF5C3 | F10: Adan Leonardo Souza Batista | G10: Compra | H10: JmImperioDas | I10: -35 | K10: jul | L10: 462.02 | M10: -400 | N10: -7 | P10: -30 | Q10: 25.02
A11: =YEAR(C11) -> 2025 | B11: =UPPER(TEXT(C11,"MMMM")) -> JULHO | C11: 45866.587 | D11: 14:05:31 | E11: 15628BE4123F955052454CCC7C8BC446 | F11: Adan Leonardo Souza Batista | G11: Compra | H11: MARIA DAS GRACAS GREG | I11: -87.8 | K11: ago | L11: 98.41 | P11: -9.99 | Q11: 88.42
A12: =YEAR(C12) -> 2025 | B12: =UPPER(TEXT(C12,"MMMM")) -> JULHO | C12: 45866.624 | D12: 14:58:06 | E12: 09126BFFCBF5AE7D8A2FC0C25C470260 | F12: Adan Leonardo Souza Batista | G12: Compra | H12: PARAFUSOS | I12: -66 | K12: 2025 | L12: 6056.2 | M12: -450 | N12: -21 | O12: -168.41 | P12: -5298.02 | Q12: 118.77
A13: =YEAR(C13) -> 2025 | B13: =UPPER(TEXT(C13,"MMMM")) -> JULHO | C13: 45866.627 | D13: 15:03:13 | E13: 778684454AD965EA7B791060349B994C | F13: Adan Leonardo Souza Batista | G13: Compra | H13: TeaTintasE | I13: -21 | K13: jun | L13: 710.21 | Q13: 710.21
A14: =YEAR(C14) -> 2025 | B14: =UPPER(TEXT(C14,"MMMM")) -> JULHO | C14: 45867.367 | D14: 08:48:05 | E14: 27F15FB20FAA41FB988648464AAFDC5F | F14: Adan Leonardo Souza Batista | G14: Compra | H14: TeaTintasE | I14: -41 | K14: jul | L14: 519.79 | P14: -907 | Q14: -387.21
A15: =YEAR(C15) -> 2025 | B15: =UPPER(TEXT(C15,"MMMM")) -> AGOSTO | C15: 45874.667 | D15: 16:00:09 | E15: E3C56CBBE897D3B4D4693CA717114DC2 | F15: Adan Leonardo Souza Batista | G15: Saque | H15: TECBAN-ATAKAREJO VIA E | I15: -100 | K15: ago | L15: 1130.98 | M15: -100 | N15: -7 | P15: -1136.98 | Q15: -113
A16: =YEAR(C16) -> 2025 | B16: =UPPER(TEXT(C16,"MMMM")) -> AGOSTO | C16: 45874.68 | D16: 16:19:25 | E16: 45A062BE26B5CA2728394C600CF5A5FD | F16: Adan Leonardo Souza Batista | G16: Taxa | H16: Taxa de saque | I16: -7 | K16: set | L16: 1113.78 | M16: -150 | N16: -7 | P16: -602.48 | Q16: 354.3
A17: =YEAR(C17) -> 2025 | B17: =UPPER(TEXT(C17,"MMMM")) -> AGOSTO | C17: 45874.681 | D17: 16:20:48 | E17: D018201BA7C2885B1542537F82DBBB97 | F17: Adan Leonardo Souza Batista | G17: Compra | H17: PARAFUSOS | I17: -69 | K17: out | L17: 1302.59 | P17: -1653.48 | Q17: -350.89
A18: =YEAR(C18) -> 2025 | B18: =UPPER(TEXT(C18,"MMMM")) -> AGOSTO | C18: 45875.531 | D18: 12:45:15 | E18: 0066B09814E14CE045C3FA537F54EB2E | F18: Adan Leonardo Souza Batista | G18: Compra | H18: MARIA DAS GRACAS GREG | I18: -79.8 | K18: nov | L18: 1124.2 | M18: -200 | N18: -7 | O18: -168.41 | P18: -484.05 | Q18: 264.74
A19: =YEAR(C19) -> 2025 | B19: =UPPER(TEXT(C19,"MMMM")) -> AGOSTO | C19: 45877.608 | D19: 14:36:11 | E19: 3D5B7576C4D912DD9F6AF54E4718B98A | F19: Adan Leonardo Souza Batista | G19: Compra | H19: TIM | I19: -15 | K19: dez | L19: 154.65 | P19: -514.03 | Q19: -359.38
A20: =YEAR(C20) -> 2025 | B20: =UPPER(TEXT(C20,"MMMM")) -> AGOSTO | C20: 45880.614 | D20: 14:44:35 | E20: 56CFAB8A737F769A22ED05F647F9934C | F20: Adan Leonardo Souza Batista | G20: Carga | H20: Transf. EQS > Adan L. S. Batista | I20: 647.8 | K20: Total Geral | L20: 10480.8 | M20: -3370 | N20: -56 | O20: -612 | P20: -6328.26 | Q20: 114.54
A21: =YEAR(C21) -> 2025 | B21: =UPPER(TEXT(C21,"MMMM")) -> AGOSTO | C21: 45881.372 | D21: 08:56:02 | E21: 5788B97CD7C70B9168E97B5BF24F13AD | F21: Adan Leonardo Souza Batista | G21: Compra | H21: 23485123Solange | I21: -110
A22: =YEAR(C22) -> 2025 | B22: =UPPER(TEXT(C22,"MMMM")) -> AGOSTO | C22: 45881.582 | D22: 13:57:34 | E22: 22E9EAD149E15FFF2F138AC9D3786BA4 | F22: Adan Leonardo Souza Batista | G22: Compra | H22: PARAFUSOS | I22: -120
A23: =YEAR(C23) -> 2025 | B23: =UPPER(TEXT(C23,"MMMM")) -> AGOSTO | C23: 45885.479 | D23: 11:30:13 | E23: 97797E5238F517802B76247D4748C909 | F23: Adan Leonardo Souza Batista | G23: Compra | H23: FERREIRA COSTA | I23: -51.4
A24: =YEAR(C24) -> 2025 | B24: =UPPER(TEXT(C24,"MMMM")) -> AGOSTO | C24: 45885.516 | D24: 12:23:12 | E24: 130D27B5182EFDCAD13C62D550FE1929 | F24: Adan Leonardo Souza Batista | G24: Compra | H24: ATLANTIDA COMERCIO | I24: -94.5
A25: =YEAR(C25) -> 2025 | B25: =UPPER(TEXT(C25,"MMMM")) -> AGOSTO | C25: 45889.363 | D25: 08:43:03 | E25: DE5548220B0A78A8AEF18A7FAD17BE7F | F25: Adan Leonardo Souza Batista | G25: Compra | H25: PARAFUSOS | I25: -62
A26: =YEAR(C26) -> 2025 | B26: =UPPER(TEXT(C26,"MMMM")) -> AGOSTO | C26: 45889.407 | D26: 09:46:43 | E26: D60A20531D52467C091C23BF5A2C98E6 | F26: Adan Leonardo Souza Batista | G26: Compra | H26: EdsonInacioSouza | I26: -3
A27: =YEAR(C27) -> 2025 | B27: =UPPER(TEXT(C27,"MMMM")) -> AGOSTO | C27: 45891.622 | D27: 14:55:47 | E27: C3810553017F2E50B85A04C0E34E29B4 | F27: Adan Leonardo Souza Batista | G27: Compra | H27: FRIGELAR - FILIAL 35 | I27: -42.28
A28: =YEAR(C28) -> 2025 | B28: =UPPER(TEXT(C28,"MMMM")) -> AGOSTO | C28: 45894.707 | D28: 16:57:41 | E28: C0E4BEE4F1BE6DEC25F20CD2A1537173 | F28: Adan Leonardo Souza Batista | G28: Carga | H28: Transf. EQS > Adan L. S. Batista | I28: 483.18
A29: =YEAR(C29) -> 2025 | B29: =UPPER(TEXT(C29,"MMMM")) -> AGOSTO | C29: 45895.447 | D29: 10:44:05 | E29: 2549173D454B2D1FF312A4DBDD545E59 | F29: Adan Leonardo Souza Batista | G29: Compra | H29: MP *PEDROCAETANOD | I29: -260
A30: =YEAR(C30) -> 2025 | B30: =UPPER(TEXT(C30,"MMMM")) -> AGOSTO | C30: 45896.632 | D30: 15:09:30 | E30: 1954EB8D6C9C9A0EFF747E924B31983D | F30: Adan Leonardo Souza Batista | G30: Compra | H30: PARAFUSOS | I30: -230
A31: =YEAR(C31) -> 2025 | B31: =UPPER(TEXT(C31,"MMMM")) -> SETEMBRO | C31: 45901.475 | D31: 11:24:35 | E31: 3192519701DF66E3B75F2D963B5A5691 | F31: Adan Leonardo Souza Batista | G31: Compra | H31: AndersonOliveiraS | I31: -8
A32: =YEAR(C32) -> 2025 | B32: =UPPER(TEXT(C32,"MMMM")) -> SETEMBRO | C32: 45903.483 | D32: 11:35:32 | E32: 7BD4A5E8835F04EBDF5119E01DAFF705 | F32: Adan Leonardo Souza Batista | G32: Compra | H32: ELETRICA BAHIANA | I32: -62.18
... A111: =YEAR(C111) -> 2026 | B111: =UPPER(TEXT(C111,"MMMM")) -> AGOSTO | C111: 46245.694 | D111: 16:39:19 | E111: 82B5D7AF89091328C9EEC30F9F7E9691 | F111: Adan Leonardo Souza Batista | G111: Carga | H111: Transf. REGIONAL NE > Adan L. S. Batista | I111: 98.41

Sheet PREST. CONTAS
A1: ID do Relatório | B1: Nome do relatório | C1: Status | D1: Usuário | E1: Valor
A2: 9396415 | B2: Caixa 01/2026 | C2: APROVADO | D2: ADAN LEONARDO SOUZA BATISTA | E2: 597.04
A3: 7906175 | B3: CAIXA 07/2025 | C3: APROVADO | D3: ADAN LEONARDO SOUZA BATISTA | E3: 907
A4: 8655231 | B4: Caixa 08/2025 | C4: APROVADO | D4: ADAN LEONARDO SOUZA BATISTA | E4: 1236.98
A5: 8332311 | B5: Caixa 09/2025 | C5: APROVADO | D5: ADAN LEONARDO SOUZA BATISTA | E5: 745.28
A6: 8677955 | B6: Caixa 10/2025 | C6: APROVADO | D6: ADAN LEONARDO SOUZA BATISTA | E6: 1653.48
A7: 8824060 | B7: Caixa 11/2025 | C7: APROVADO | D7: ADAN LEONARDO SOUZA BATISTA | E7: 694.05
A8: 9172615 | B8: Caixa 12/2025 | C8: APROVADO | D8: ADAN LEONARDO SOUZA BATISTA | E8: 514.03
A9: 9511179 | B9: Caixa 02/2026 | C9: APROVADO | D9: ADAN LEONARDO SOUZA BATISTA | E9: 546.51
A10: 10523528 | B10: Caixa 05/2026 | C10: APROVADO | D10: ADAN LEONARDO SOUZA BATISTA | E10: 1000
A11: 10748049 | B11: CAIXA 06/2026 | C11: APROVADO | D11: ADAN LEONARDO SOUZA BATISTA | E11: 632.97
A12: 11073774 | B12: CAIXA 07/2026 | C12: ENVIADO | D12: ADAN LEONARDO SOUZA BATISTA | E12: 775.47
A13: 11176750 | B13: Caixa 08/2026 | C13: ABERTO | D13: ADAN LEONARDO SOUZA BATISTA | E13: 27.99

Sheet FECHAMENTO
B4: FECHAMENTO DE PRESTAÇÃO DE CONTAS
B6: ADAN LEONARDO SOUZA BATISTA
B7: Ano | C7: Mês | D7: Carga | E7: Transferência | F7: Taxa | G7: Prest. Contas | H7: Saldo | I7: Acumulado | K7: LEGENDA SINAIS
B8: 2025 | C8: MAIO | D8: =SUMIFS(EXTRATO!I:I,EXTRATO!G:G,FECHAMENTO!$D$7,EXTRATO!B:B,FECHAMENTO!C8,EXTRATO!A:A,FECHAMENTO!B8) -> 0 | E8: =SUMIFS(EXTRATO!I:I,EXTRATO!G:G,FECHAMENTO!$E$7,EXTRATO!B:B,FECHAMENTO!C8,EXTRATO!A:A,FECHAMENTO!B8) -> 0 | F8: =SUMIFS(EXTRATO!I:I,EXTRATO!G:G,FECHAMENTO!$F$7,EXTRATO!B:B,FECHAMENTO!C8,EXTRATO!A:A,FECHAMENTO!B8) -> 0 | G8: 0 | H8: =D8+E8+F8-G8 -> 0 | I8: =H8 -> 0 | K8: NEGATIVO | L8: A REEMBOLSAR
B9: 2025 | C9: JUNHO | D9: =SUMIFS(EXTRATO!I:I,EXTRATO!G:G,FECHAMENTO!$D$7,EXTRATO!B:B,FECHAMENTO!C9,EXTRATO!A:A,FECHAMENTO!B9) -> 710.21 | E9: =SUMIFS(EXTRATO!I:I,EXTRATO!G:G,FECHAMENTO!$E$7,EXTRATO!B:B,FECHAMENTO!C9,EXTRATO!A:A,FECHAMENTO!B9) -> 0 | F9: =SUMIFS(EXTRATO!I:I,EXTRATO!G:G,FECHAMENTO!$F$7,EXTRATO!B:B,FECHAMENTO!C9,EXTRATO!A:A,FECHAMENTO!B9) -> 0 | G9: 0 | H9: =D9+E9+F9-G9 -> 710.21 | I9: =H9+I8 -> 710.21 | K9: POSITIVO | L9: A PRESTAR
B10: 2025 | C10: JULHO | D10: =SUMIFS(EXTRATO!I:I,EXTRATO!G:G,FECHAMENTO!$D$7,EXTRATO!B:B,FECHAMENTO!C10,EXTRATO!A:A,FECHAMENTO!B10) -> 519.79 | E10: =SUMIFS(EXTRATO!I:I,EXTRATO!G:G,FECHAMENTO!$E$7,EXTRATO!B:B,FECHAMENTO!C10,EXTRATO!A:A,FECHAMENTO!B10) -> 0 | F10: =SUMIFS(EXTRATO!I:I,EXTRATO!G:G,FECHAMENTO!$F$7,EXTRATO!B:B,FECHAMENTO!C10,EXTRATO!A:A,FECHAMENTO!B10) -> 0 | G10: 907 | H10: =D10+E10+F10-G10 -> -387.21 | I10: =H10+I9 -> 323 | K10: EM AMARELO | L10: CAIXA ABERTO
B11: 2025 | C11: AGOSTO | D11: =SUMIFS(EXTRATO!I:I,EXTRATO!G:G,FECHAMENTO!$D$7,EXTRATO!B:B,FECHAMENTO!C11,EXTRATO!A:A,FECHAMENTO!B11) -> 1130.98 | E11: =SUMIFS(EXTRATO!I:I,EXTRATO!G:G,FECHAMENTO!$E$7,EXTRATO!B:B,FECHAMENTO!C11,EXTRATO!A:A,FECHAMENTO!B11) -> 0 | F11: =SUMIFS(EXTRATO!I:I,EXTRATO!G:G,FECHAMENTO!$F$7,EXTRATO!B:B,FECHAMENTO!C11,EXTRATO!A:A,FECHAMENTO!B11) -> -7 | G11: 1236.98 | H11: =D11+E11+F11-G11 -> -113 | I11: =H11+I10 -> 210 | K11: EM VERMELHO | L11: CAIXA REPROVADO
B12: 2025 | C12: SETEMBRO | D12: =SUMIFS(EXTRATO!I:I,EXTRATO!G:G,FECHAMENTO!$D$7,EXTRATO!B:B,FECHAMENTO!C12,EXTRATO!A:A,FECHAMENTO!B12) -> 1113.78 | E12: =SUMIFS(EXTRATO!I:I,EXTRATO!G:G,FECHAMENTO!$E$7,EXTRATO!B:B,FECHAMENTO!C12,EXTRATO!A:A,FECHAMENTO!B12) -> 0 | F12: =SUMIFS(EXTRATO!I:I,EXTRATO!G:G,FECHAMENTO!$F$7,EXTRATO!B:B,FECHAMENTO!C12,EXTRATO!A:A,FECHAMENTO!B12) -> -7 | G12: 745.28 | H12: =D12+E12+F12-G12 -> 361.5 | I12: =H12+I11 -> 571.5 | K12: EM AZUL | L12: CAIXA ENVIADO
B13: 2025 | C13: OUTUBRO | D13: =SUMIFS(EXTRATO!I:I,EXTRATO!G:G,FECHAMENTO!$D$7,EXTRATO!B:B,FECHAMENTO!C13,EXTRATO!A:A,FECHAMENTO!B13) -> 1302.59 | E13: =SUMIFS(EXTRATO!I:I,EXTRATO!G:G,FECHAMENTO!$E$7,EXTRATO!B:B,FECHAMENTO!C13,EXTRATO!A:A,FECHAMENTO!B13) -> 0 | F13: =SUMIFS(EXTRATO!I:I,EXTRATO!G:G,FECHAMENTO!$F$7,EXTRATO!B:B,FECHAMENTO!C13,EXTRATO!A:A,FECHAMENTO!B13) -> 0 | G13: 1653.48 | H13: =D13+E13+F13-G13 -> -350.89 | I13: =H13+I12 -> 220.61
B14: 2025 | C14: NOVEMBRO | D14: =SUMIFS(EXTRATO!I:I,EXTRATO!G:G,FECHAMENTO!$D$7,EXTRATO!B:B,FECHAMENTO!C14,EXTRATO!A:A,FECHAMENTO!B14) -> 1124.2 | E14: =SUMIFS(EXTRATO!I:I,EXTRATO!G:G,FECHAMENTO!$E$7,EXTRATO!B:B,FECHAMENTO!C14,EXTRATO!A:A,FECHAMENTO!B14) -> -168.41 | F14: =SUMIFS(EXTRATO!I:I,EXTRATO!G:G,FECHAMENTO!$F$7,EXTRATO!B:B,FECHAMENTO!C14,EXTRATO!A:A,FECHAMENTO!B14) -> -7 | G14: 694.05 | H14: =D14+E14+F14-G14 -> 254.74 | I14: =H14+I13 -> 475.35
B15: 2025 | C15: DEZEMBRO | D15: =SUMIFS(EXTRATO!I:I,EXTRATO!G:G,FECHAMENTO!$D$7,EXTRATO!B:B,FECHAMENTO!C15,EXTRATO!A:A,FECHAMENTO!B15) -> 154.65 | E15: =SUMIFS(EXTRATO!I:I,EXTRATO!G:G,FECHAMENTO!$E$7,EXTRATO!B:B,FECHAMENTO!C15,EXTRATO!A:A,FECHAMENTO!B15) -> 0 | F15: =SUMIFS(EXTRATO!I:I,EXTRATO!G:G,FECHAMENTO!$F$7,EXTRATO!B:B,FECHAMENTO!C15,EXTRATO!A:A,FECHAMENTO!B15) -> 0 | G15: 514.03 | H15: =D15+E15+F15-G15 -> -359.38 | I15: =H15+I14 -> 115.97
B16: 2026 | C16: JANEIRO | D16: =SUMIFS(EXTRATO!I:I,EXTRATO!G:G,FECHAMENTO!$D$7,EXTRATO!B:B,FECHAMENTO!C16,EXTRATO!A:A,FECHAMENTO!B16) -> 1249.97 | E16: =SUMIFS(EXTRATO!I:I,EXTRATO!G:G,FECHAMENTO!$E$7,EXTRATO!B:B,FECHAMENTO!C16,EXTRATO!A:A,FECHAMENTO!B16) -> 0 | F16: =SUMIFS(EXTRATO!I:I,EXTRATO!G:G,FECHAMENTO!$F$7,EXTRATO!B:B,FECHAMENTO!C16,EXTRATO!A:A,FECHAMENTO!B16) -> -7 | G16: 597.04 | H16: =D16+E16+F16-G16 -> 645.93 | I16: =H16+I15 -> 761.9
B17: 2026 | C17: FEVEREIRO | D17: =SUMIFS(EXTRATO!I:I,EXTRATO!G:G,FECHAMENTO!$D$7,EXTRATO!B:B,FECHAMENTO!C17,EXTRATO!A:A,FECHAMENTO!B17) -> 990.1 | E17: =SUMIFS(EXTRATO!I:I,EXTRATO!G:G,FECHAMENTO!$E$7,EXTRATO!B:B,FECHAMENTO!C17,EXTRATO!A:A,FECHAMENTO!B17) -> -443.59 | F17: =SUMIFS(EXTRATO!I:I,EXTRATO!G:G,FECHAMENTO!$F$7,EXTRATO!B:B,FECHAMENTO!C17,EXTRATO!A:A,FECHAMENTO!B17) -> 0 | G17: 546.51 | H17: =D17+E17+F17-G17 -> 0 | I17: =H17+I16 -> 761.9
B18: 2026 | C18: MARÇO | D18: =SUMIFS(EXTRATO!I:I,EXTRATO!G:G,FECHAMENTO!$D$7,EXTRATO!B:B,FECHAMENTO!C18,EXTRATO!A:A,FECHAMENTO!B18) -> 145.1 | E18: =SUMIFS(EXTRATO!I:I,EXTRATO!G:G,FECHAMENTO!$E$7,EXTRATO!B:B,FECHAMENTO!C18,EXTRATO!A:A,FECHAMENTO!B18) -> 0 | F18: =SUMIFS(EXTRATO!I:I,EXTRATO!G:G,FECHAMENTO!$F$7,EXTRATO!B:B,FECHAMENTO!C18,EXTRATO!A:A,FECHAMENTO!B18) -> 0 | G18: 0 | H18: =D18+E18+F18-G18 -> 145.1 | I18: =H18+I17 -> 907
B19: 2026 | C19: ABRIL | D19: =SUMIFS(EXTRATO!I:I,EXTRATO!G:G,FECHAMENTO!$D$7,EXTRATO!B:B,FECHAMENTO!C19,EXTRATO!A:A,FECHAMENTO!B19) -> 154.9 | E19: =SUMIFS(EXTRATO!I:I,EXTRATO!G:G,FECHAMENTO!$E$7,EXTRATO!B:B,FECHAMENTO!C19,EXTRATO!A:A,FECHAMENTO!B19) -> 0 | F19: =SUMIFS(EXTRATO!I:I,EXTRATO!G:G,FECHAMENTO!$F$7,EXTRATO!B:B,FECHAMENTO!C19,EXTRATO!A:A,FECHAMENTO!B19) -> 0 | G19: 0 | H19: =D19+E19+F19-G19 -> 154.9 | I19: =H19+I18 -> 1061.9
B20: 2026 | C20: MAIO | D20: =SUMIFS(EXTRATO!I:I,EXTRATO!G:G,FECHAMENTO!$D$7,EXTRATO!B:B,FECHAMENTO!C20,EXTRATO!A:A,FECHAMENTO!B20) -> 0 | E20: =SUMIFS(EXTRATO!I:I,EXTRATO!G:G,FECHAMENTO!$E$7,EXTRATO!B:B,FECHAMENTO!C20,EXTRATO!A:A,FECHAMENTO!B20) -> 0 | F20: =SUMIFS(EXTRATO!I:I,EXTRATO!G:G,FECHAMENTO!$F$7,EXTRATO!B:B,FECHAMENTO!C20,EXTRATO!A:A,FECHAMENTO!B20) -> -7 | G20: 1000 | H20: =D20+E20+F20-G20 -> -1007 | I20: =H20+I19 -> 54.9
B21: 2026 | C21: JUNHO | D21: =SUMIFS(EXTRATO!I:I,EXTRATO!G:G,FECHAMENTO!$D$7,EXTRATO!B:B,FECHAMENTO!C21,EXTRATO!A:A,FECHAMENTO!B21) -> 1324.1 | E21: =SUMIFS(EXTRATO!I:I,EXTRATO!G:G,FECHAMENTO!$E$7,EXTRATO!B:B,FECHAMENTO!C21,EXTRATO!A:A,FECHAMENTO!B21) -> 0 | F21: =SUMIFS(EXTRATO!I:I,EXTRATO!G:G,FECHAMENTO!$F$7,EXTRATO!B:B,FECHAMENTO!C21,EXTRATO!A:A,FECHAMENTO!B21) -> -14 | G21: 632.97 | H21: =D21+E21+F21-G21 -> 677.13 | I21: =H21+I20 -> 732.03
B22: 2026 | C22: JULHO | D22: =SUMIFS(EXTRATO!I:I,EXTRATO!G:G,FECHAMENTO!$D$7,EXTRATO!B:B,FECHAMENTO!C22,EXTRATO!A:A,FECHAMENTO!B22) -> 462.02 | E22: =SUMIFS(EXTRATO!I:I,EXTRATO!G:G,FECHAMENTO!$E$7,EXTRATO!B:B,FECHAMENTO!C22,EXTRATO!A:A,FECHAMENTO!B22) -> 0 | F22: =SUMIFS(EXTRATO!I:I,EXTRATO!G:G,FECHAMENTO!$F$7,EXTRATO!B:B,FECHAMENTO!C22,EXTRATO!A:A,FECHAMENTO!B22) -> -7 | G22: 775.47 | H22: =D22+E22+F22-G22 -> -320.45 | I22: =H22+I21 -> 411.58
B23: 2026 | C23: AGOSTO | D23: =SUMIFS(EXTRATO!I:I,EXTRATO!G:G,FECHAMENTO!$D$7,EXTRATO!B:B,FECHAMENTO!C23,EXTRATO!A:A,FECHAMENTO!B23) -> 98.41 | E23: =SUMIFS(EXTRATO!I:I,EXTRATO!G:G,FECHAMENTO!$E$7,EXTRATO!B:B,FECHAMENTO!C23,EXTRATO!A:A,FECHAMENTO!B23) -> 0 | F23: =SUMIFS(EXTRATO!I:I,EXTRATO!G:G,FECHAMENTO!$F$7,EXTRATO!B:B,FECHAMENTO!C23,EXTRATO!A:A,FECHAMENTO!B23) -> 0 | G23: 27.99 | H23: =D23+E23+F23-G23 -> 70.42 | I23: =H23+I22 -> 482
D24: =SUM(D8:D23) -> 10480.8 | E24: =SUM(E8:E23) -> -612 | F24: =SUM(F8:F23) -> -56 | G24: =SUM(G8:G23) -> 9330.8 | H24: =SUM(H8:H23) -> 482
B26: SALDO FINAL | H26: =H24 -> 482
B27: (+) SALDO DISPONIVEL | H27: =D24+E24+F24 -> 9812.8
B28: (-) PRESTAÇÃO DE CONTAS | H28: =G24 -> 9330.8
B29: = FECHAMENTO PRESTE CONTAS | H29: =H27-H28 -> 482
B30: = SALDO CARTÃO | H30: 114.54
B31: FECHAMENTO FINAL - SALDO PENDENTE | H31: =H29-H30 -> 367.46
